fine_tune_method,train_time_sec,eval_time_sec,total_params,trainable_params,trainable_ratio,peak_gpu_mem,eval_loss,eval_runtime,eval_samples_per_second,perplexity,epoch
Full Finetune,9882.32,219.86,4022.468096,3633.511936,90.33041031731777,35635.54,1.4293986558914185,219.8613,9.097,4.1761871111708295,2.0
LoRA,7188.79,273.1,4022.468096,33.030144,0.8211412300036799,14996.35,1.4869115352630615,273.1045,7.323,4.1761871111708295,2.0
Prompt Tuning,6092.99,261.0,4022.519296,0.0512,0.0012728341676549165,33340.61,1.612549066543579,260.9954,7.663,5.015579993861433,2.0
Instruction Tuning,7426.25,300.06,4022.468096,33.030144,0.8211412300036799,18894.36,1.482069730758667,300.0572,6.665,4.402047311428899,2
